player,number,position,height,weight,age,experience,college,profile_url,headshot_url,headshot_file,last_checked
Keith Abney II,28,CB,5-9,187,21,R,Arizona State,https://www.detroitlions.com/team/players-roster/keith-abney-ii/,https://static.clubs.nfl.com/image/upload/t_thumb_squared_2x/f_auto/lions/tc0apvijgpvwqabgnw7l.jpg,lions_roster_data\headshots\keith_abney_ii.jpg,2026-08-22T14:12:26
Myles Adams,96,DL,6-2,299,28,4,Rice,https://www.detroitlions.com/team/players-roster/myles-adams/,https://static.clubs.nfl.com/image/upload/t_thumb_squared_2x/f_auto/lions/uqnyhozmkyt4qf9fyvnp.jpg,lions_roster_data\headshots\myles_adams.jpg,2026-08-22T14:12:26
Luke Altmyer,2,QB,6-1,213,23,R,Illinois,https://www.detroitlions.com/team/players-roster/luke-altmyer/,https://static.clubs.nfl.com/image/upload/t_thumb_squared_2x/f_auto/lions/cionqr1wqbnhn72ykubk.jpg,lions_roster_data\headshots\luke_altmyer.jpg,2026-08-22T14:12:26
Joe Bachie,35,LB,6-2,238,28,7,Michigan State,https://www.detroitlions.com/team/players-roster/joe-bachie/,https://static.clubs.nfl.com/image/upload/t_thumb_squared_2x/f_auto/lions/xispyiikmdoa2l5zqdi1.jpg,lions_roster_data\headshots\joe_bachie.jpg,2026-08-22T14:12:26
Derrick Barnes,55,LB,6-0,240,27,6,Purdue,https://www.detroitlions.com/team/players-roster/derrick-barnes/,https://static.clubs.nfl.com/image/upload/t_thumb_squared_2x/f_auto/lions/wc4isju7de2xfjfaltw8.jpg,lions_roster_data\headshots\derrick_barnes.jpg,2026-08-22T14:12:26
Ben Bartch,78,OL,6-6,318,28,7,St. John's (MN),https://www.detroitlions.com/team/players-roster/ben-bartch/,https://static.clubs.nfl.com/image/upload/t_thumb_squared_2x/f_auto/lions/d9ahn87nak7gzuo7bfbi.jpg,lions_roster_data\headshots\ben_bartch.jpg,2026-08-22T14:12:26
Jake Bates,39,K,5-10,205,27,3,Arkansas,https://www.detroitlions.com/team/players-roster/jake-bates/,https://static.clubs.nfl.com/image/upload/t_thumb_squared_2x/f_auto/lions/d5jvnqmvkowdwge9xk8u.jpg,lions_roster_data\headshots\jake_bates.jpg,2026-08-22T14:12:26
Tarik Black,12,WR,6-3,213,28,1,Texas,https://www.detroitlions.com/team/players-roster/tarik-black/,https://static.clubs.nfl.com/image/upload/t_thumb_squared_2x/f_auto/lions/qflc5b4ilyyrl3zy4pgu.jpg,lions_roster_data\headshots\tarik_black.jpg,2026-08-22T14:12:26
Raheem Blackshear,42,RB,5-9,190,28,4,Virginia Tech,https://www.detroitlions.com/team/players-roster/raheem-blackshear/,https://static.clubs.nfl.com/image/upload/t_thumb_squared_2x/f_auto/lions/fjivqrjv3vpqcfbzhdc9.jpg,lions_roster_data\headshots\raheem_blackshear.jpg,2026-08-22T14:12:26
Larry Borom,79,OL,6-5,325,27,6,Missouri,https://www.detroitlions.com/team/players-roster/larry-borom/,https://static.clubs.nfl.com/image/upload/t_thumb_squared_2x/f_auto/lions/v2osavcbxezzcc2odeom.jpg,lions_roster_data\headshots\larry_borom.jpg,2026-08-22T14:12:26
Ekow Boye-Doe,43,CB,6-0,177,26,2,Kansas State,https://www.detroitlions.com/team/players-roster/ekow-boye-doe/,https://static.clubs.nfl.com/image/upload/t_thumb_squared_2x/f_auto/lions/ddueie1rpfcmlt9wajxt.jpg,lions_roster_data\headshots\ekow_boye_doe.jpg,2026-08-22T14:12:26
Aamaris Brown,42,DB,5-10,198,23,R,UNLV,https://www.detroitlions.com/team/players-roster/aamaris-brown/,https://static.clubs.nfl.com/image/upload/t_thumb_squared_2x/f_auto/lions/hcx2bozjwdhjmb3seikj.jpg,lions_roster_data\headshots\aamaris_brown.jpg,2026-08-22T14:12:26
Jack Campbell,46,LB,6-5,246,26,4,Iowa,https://www.detroitlions.com/team/players-roster/jack-campbell/,https://static.clubs.nfl.com/image/upload/t_thumb_squared_2x/f_auto/lions/sxm6dsk0arrunygx9h4x.jpg,lions_roster_data\headshots\jack_campbell.jpg,2026-08-22T14:12:26
Chuck Clark,36,S,6-0,210,31,10,Virginia Tech,https://www.detroitlions.com/team/players-roster/chuck-clark/,https://static.clubs.nfl.com/image/upload/t_thumb_squared_2x/f_auto/lions/t2v6jqab7qqw5on1vm4q.jpg,lions_roster_data\headshots\chuck_clark.jpg,2026-08-22T14:12:26
Damone Clark,11,LB,6-2,240,26,5,LSU,https://www.detroitlions.com/team/players-roster/damone-clark/,https://static.clubs.nfl.com/image/upload/t_thumb_squared_2x/f_auto/lions/ikb8d9lhnzv1txkzqxc5.jpg,lions_roster_data\headshots\damone_clark.jpg,2026-08-22T14:12:26
Devin Cochran,77,OL,6-7,322,28,3,Georgia Tech,https://www.detroitlions.com/team/players-roster/devin-cochran/,https://static.clubs.nfl.com/image/upload/t_thumb_squared_2x/f_auto/lions/phtpa5npy5unsu5eoq1g.jpg,lions_roster_data\headshots\devin_cochran.jpg,2026-08-22T14:12:26
Tyler Conklin,83,TE,6-3,245,31,9,Central Michigan,https://www.detroitlions.com/team/players-roster/tyler-conklin/,https://static.clubs.nfl.com/image/upload/t_thumb_squared_2x/f_auto/lions/hlelq6qutilx9gga1v8a.jpg,lions_roster_data\headshots\tyler_conklin.jpg,2026-08-22T14:12:26
Bump Cooper Jr.,40,CB,5-11,192,24,1,Oregon State,https://www.detroitlions.com/team/players-roster/ryan-cooper-jr/,https://static.clubs.nfl.com/image/upload/t_thumb_squared_2x/f_auto/lions/pg3hurtj0ctngpmzit67.jpg,lions_roster_data\headshots\bump_cooper_jr.jpg,2026-08-22T14:12:26
Malik Cunningham,15,WR,6-1,190,27,2,Louisville,https://www.detroitlions.com/team/players-roster/malik-cunningham/,https://static.clubs.nfl.com/image/upload/t_thumb_squared_2x/f_auto/lions/ncm2nlfjwd7boohzacom.jpg,lions_roster_data\headshots\malik_cunningham.jpg,2026-08-22T14:12:26
Joshua Dobbs,6,QB,6-3,216,31,10,Tennessee,https://www.detroitlions.com/team/players-roster/joshua-dobbs/,https://static.clubs.nfl.com/image/upload/t_thumb_squared_2x/f_auto/lions/sxhyr4yu936vvkltqg0g.jpg,lions_roster_data\headshots\joshua_dobbs.jpg,2026-08-22T14:12:26
Khalil Dorsey,30,CB,5-8,190,28,6,Northern Arizona,https://www.detroitlions.com/team/players-roster/khalil-dorsey/,https://static.clubs.nfl.com/image/upload/t_thumb_squared_2x/f_auto/lions/fmqxkx4pvonejr18h7to.jpg,lions_roster_data\headshots\khalil_dorsey.jpg,2026-08-22T14:12:26
Greg Dortch,8,WR,5-7,183,28,6,Wake Forest,https://www.detroitlions.com/team/players-roster/greg-dortch/,https://static.clubs.nfl.com/image/upload/t_thumb_squared_2x/f_auto/lions/ybe1tdpfwr4rh6qhwjbg.jpg,lions_roster_data\headshots\greg_dortch.jpg,2026-08-22T14:12:26
Jack Fox,3,P,6-2,218,29,7,Rice,https://www.detroitlions.com/team/players-roster/jack-fox/,https://static.clubs.nfl.com/image/upload/t_thumb_squared_2x/f_auto/lions/jewhivxzrs8ucrft6ad4.jpg,lions_roster_data\headshots\jack_fox.jpg,2026-08-22T14:12:26
Miles Frazier,71,OL,6-6,325,24,2,LSU,https://www.detroitlions.com/team/players-roster/miles-frazier/,https://static.clubs.nfl.com/image/upload/t_thumb_squared_2x/f_auto/lions/knax6zf96enpjlcelso9.jpg,lions_roster_data\headshots\miles_frazier.jpg,2026-08-22T14:12:26
Jahmyr Gibbs,0,RB,5-9,202,24,4,Alabama,https://www.detroitlions.com/team/players-roster/jahmyr-gibbs/,https://static.clubs.nfl.com/image/upload/t_thumb_squared_2x/f_auto/lions/ivhxvbkastyyzy6kbkxl.jpg,lions_roster_data\headshots\jahmyr_gibbs.jpg,2026-08-22T14:12:26
Skyler Gill-Howard,50,DL,6-0,280,23,R,Texas Tech,https://www.detroitlions.com/team/players-roster/skyler-gill-howard/,https://static.clubs.nfl.com/image/upload/t_thumb_squared_2x/f_auto/lions/cmnvkuxkc6i23hl7qjp0.jpg,lions_roster_data\headshots\skyler_gill_howard.jpg,2026-08-22T14:12:26
Jared Goff,16,QB,6-4,217,31,11,California,https://www.detroitlions.com/team/players-roster/jared-goff/,https://static.clubs.nfl.com/image/upload/t_thumb_squared_2x/f_auto/lions/fekhkvkgwlg9yrv7agvh.jpg,lions_roster_data\headshots\jared_goff.jpg,2026-08-22T14:12:26
Thomas Gordon,82,TE,6-4,250,25,1,Northwestern,https://www.detroitlions.com/team/players-roster/thomas-gordon/,https://static.clubs.nfl.com/image/upload/t_thumb_squared_2x/f_auto/lions/ffgpkoozdayldch3dqgp.jpg,lions_roster_data\headshots\thomas_gordon.jpg,2026-08-22T14:12:26
Thomas Harper,12,S,5-8,195,25,3,Notre Dame,https://www.detroitlions.com/team/players-roster/thomas-harper/,https://static.clubs.nfl.com/image/upload/t_thumb_squared_2x/f_auto/lions/tbxtvrareyadcu5rxob5.jpg,lions_roster_data\headshots\thomas_harper.jpg,2026-08-22T14:12:26
Ahmed Hassanein,99,EDGE,6-2,275,24,1,Boise State,https://www.detroitlions.com/team/players-roster/ahmed-hassanein/,https://static.clubs.nfl.com/image/upload/t_thumb_squared_2x/f_auto/lions/uovoloanmykrg6zqvjvy.jpg,lions_roster_data\headshots\ahmed_hassanein.jpg,2026-08-22T14:12:26
Hogan Hatten,49,LS,6-2,239,26,3,Idaho,https://www.detroitlions.com/team/players-roster/hogan-hatten/,https://static.clubs.nfl.com/image/upload/t_thumb_squared_2x/f_auto/lions/pcoesmlsmu5ssdp2toli.jpg,lions_roster_data\headshots\hogan_hatten.jpg,2026-08-22T14:12:26
Zach Horton,43,TE,6-4,256,23,1,Indiana,https://www.detroitlions.com/team/players-roster/zach-horton/,https://static.clubs.nfl.com/image/upload/t_thumb_squared_2x/f_auto/lions/dhvyx1y46yu5rqkntyhc.jpg,lions_roster_data\headshots\zach_horton.jpg,2026-08-22T14:12:26
Erick Hunter,48,LB,6-2,224,23,R,Morgan State,https://www.detroitlions.com/team/players-roster/erick-hunter/,https://static.clubs.nfl.com/image/upload/t_thumb_squared_2x/f_auto/lions/wxscyzosmm7pqlejtvmo.jpg,lions_roster_data\headshots\erick_hunter.jpg,2026-08-22T14:12:26
Aidan Hutchinson,97,EDGE,6-7,268,26,5,Michigan,https://www.detroitlions.com/team/players-roster/aidan-hutchinson/,https://static.clubs.nfl.com/image/upload/t_thumb_squared_2x/f_auto/lions/mddrwljdpesljil1ezjd.jpg,lions_roster_data\headshots\aidan_hutchinson.jpg,2026-08-22T14:12:26
Christian Izien,27,DB,5-10,206,26,4,Rutgers,https://www.detroitlions.com/team/players-roster/christian-izien/,https://static.clubs.nfl.com/image/upload/t_thumb_squared_2x/f_auto/lions/ycauj7xaimym0hajg6qi.jpg,lions_roster_data\headshots\christian_izien.jpg,2026-08-22T14:12:26
Dan Jackson,17,S,6-1,195,25,2,Georgia,https://www.detroitlions.com/team/players-roster/dan-jackson/,https://static.clubs.nfl.com/image/upload/t_thumb_squared_2x/f_auto/lions/tosgi8zchjqpeh9a19iu.jpg,lions_roster_data\headshots\dan_jackson.jpg,2026-08-22T14:12:26
Lucky Jackson,11,WR,6-1,185,29,1,Western Kentucky,https://www.detroitlions.com/team/players-roster/lucky-jackson/,https://static.clubs.nfl.com/image/upload/t_thumb_squared_2x/f_auto/lions/j2lngyyp97tppwhkv6ji.jpg,lions_roster_data\headshots\lucky_jackson.jpg,2026-08-22T14:12:26
Tom KennedyÂ ,85,WR,5-10,195,30,4,Bryant,https://www.detroitlions.com/team/players-roster/tom-kennedy/,https://static.clubs.nfl.com/image/upload/t_thumb_squared_2x/f_auto/lions/cgkcmdomjmbxb31rceua.jpg,lions_roster_data\headshots\tom_kennedy.jpg,2026-08-22T14:12:26
Tyler Lacy,93,DL,6-4,300,26,4,Oklahoma State,https://www.detroitlions.com/team/players-roster/tyler-lacy/,https://static.clubs.nfl.com/image/upload/t_thumb_squared_2x/f_auto/lions/cigfohhayqmanrymcygc.jpg,lions_roster_data\headshots\tyler_lacy.jpg,2026-08-22T14:12:26
Sam LaPorta,87,TE,6-3,245,25,4,Iowa,https://www.detroitlions.com/team/players-roster/sam-laporta/,https://static.clubs.nfl.com/image/upload/t_thumb_squared_2x/f_auto/lions/fduhrhj9xrfhnq1hsxt6.jpg,lions_roster_data\headshots\sam_laporta.jpg,2026-08-22T14:12:26
Dominic Lovett,19,WR,5-10,185,23,2,Georgia,https://www.detroitlions.com/team/players-roster/dominic-lovett/,https://static.clubs.nfl.com/image/upload/t_thumb_squared_2x/f_auto/lions/ixfyhtsfcivb6xdb0vpe.jpg,lions_roster_data\headshots\dominic_lovett.jpg,2026-08-22T14:12:26
Anthony Lucas,61,EDGE,6-5,265,21,R,USC,https://www.detroitlions.com/team/players-roster/anthony-lucas/,https://static.clubs.nfl.com/image/upload/t_thumb_squared_2x/f_auto/lions/qcqmlixqx5lhm5t5lihx.jpg,lions_roster_data\headshots\anthony_lucas.jpg,2026-08-22T14:12:26
Avonte Maddox,29,DB,5-9,191,30,9,Pittsburgh,https://www.detroitlions.com/team/players-roster/avonte-maddox/,https://static.clubs.nfl.com/image/upload/t_thumb_squared_2x/f_auto/lions/b44rwoqjwpnxmy7rjcvj.jpg,lions_roster_data\headshots\avonte_maddox.jpg,2026-08-22T14:12:26
Christian Mahogany,73,OL,6-3,330,25,3,Boston College,https://www.detroitlions.com/team/players-roster/christian-mahogany/,https://static.clubs.nfl.com/image/upload/t_thumb_squared_2x/f_auto/lions/yqct5pukmstxdtcfjjzd.jpg,lions_roster_data\headshots\christian_mahogany.jpg,2026-08-22T14:12:26
Tay Martin,17,WR,6-3,186,28,1,Oklahoma State,https://www.detroitlions.com/team/players-roster/tay-martin/,https://static.clubs.nfl.com/image/upload/t_thumb_squared_2x/f_auto/lions/a6izwbe24sofy9mmxjok.jpg,lions_roster_data\headshots\tay_martin.jpg,2026-08-22T14:12:26
Cade Mays,64,C,6-6,325,27,5,Tennessee,https://www.detroitlions.com/team/players-roster/cade-mays/,https://static.clubs.nfl.com/image/upload/t_thumb_squared_2x/f_auto/lions/goxliy2knldzrvhzrmto.jpg,lions_roster_data\headshots\cade_mays.jpg,2026-08-22T14:12:26
Roger McCreary,21,CB,5-11,190,26,5,Auburn,https://www.detroitlions.com/team/players-roster/roger-mccreary/,https://static.clubs.nfl.com/image/upload/t_thumb_squared_2x/f_auto/lions/spqbi2glo9vdv6jl4938.jpg,lions_roster_data\headshots\roger_mccreary.jpg,2026-08-22T14:12:26
Seth McLaughlin,65,C,6-4,304,24,1,Ohio State,https://www.detroitlions.com/team/players-roster/seth-mclaughlin/,https://static.clubs.nfl.com/image/upload/t_thumb_squared_2x/f_auto/lions/hkg2vcsoyzpj6hiqtzur.jpg,lions_roster_data\headshots\seth_mclaughlin.jpg,2026-08-22T14:12:26
Alim McNeill,54,DL,6-2,310,26,6,N.C. State,https://www.detroitlions.com/team/players-roster/alim-mcneill/,https://static.clubs.nfl.com/image/upload/t_thumb_squared_2x/f_auto/lions/buinsft165kdfh8dr9qb.jpg,lions_roster_data\headshots\alim_mcneill.jpg,2026-08-22T14:12:26
Jackson Meeks,13,TE,6-2,235,23,1,Syracuse,https://www.detroitlions.com/team/players-roster/jackson-meeks/,https://static.clubs.nfl.com/image/upload/t_thumb_squared_2x/f_auto/lions/dmtpydv86admt7qfqxv0.jpg,lions_roster_data\headshots\jackson_meeks.jpg,2026-08-22T14:12:26
Blake Miller,76,T,6-6,320,22,R,Clemson,https://www.detroitlions.com/team/players-roster/blake-miller/,https://static.clubs.nfl.com/image/upload/t_thumb_squared_2x/f_auto/lions/y7m03orplvdcofcpq7nw.jpg,lions_roster_data\headshots\blake_miller.jpg,2026-08-22T14:12:26
Mason Miller,63,G,6-7,318,24,1,North Dakota State,https://www.detroitlions.com/team/players-roster/mason-miller/,https://static.clubs.nfl.com/image/upload/t_thumb_squared_2x/f_auto/lions/uqvkezvskpszx28crs1w.jpg,lions_roster_data\headshots\mason_miller.jpg,2026-08-22T14:12:26
Derrick Moore,9,EDGE,6-3,260,23,R,Michigan,https://www.detroitlions.com/team/players-roster/derrick-moore/,https://static.clubs.nfl.com/image/upload/t_thumb_squared_2x/f_auto/lions/qp8c4lpkpxv8lb40gmhq.jpg,lions_roster_data\headshots\derrick_moore.jpg,2026-08-22T14:12:26
Michael Niese,62,OL,6-5,300,28,3,Temple,https://www.detroitlions.com/team/players-roster/michael-niese/,https://static.clubs.nfl.com/image/upload/t_thumb_squared_2x/f_auto/lions/lir6hkyg3r3bo6egdtpz.jpg,lions_roster_data\headshots\michael_niese.jpg,2026-08-22T14:12:26
Trevor Nowaske,53,LB,6-3,237,27,4,Saginaw Valley State,https://www.detroitlions.com/team/players-roster/trevor-nowaske/,https://static.clubs.nfl.com/image/upload/t_thumb_squared_2x/f_auto/lions/pz097ac8dohk1linlpqh.jpg,lions_roster_data\headshots\trevor_nowaske.jpg,2026-08-22T14:12:26
Eric O'Neill,66,EDGE,6-2,250,23,R,Rutgers,https://www.detroitlions.com/team/players-roster/eric-o-neill/,https://static.clubs.nfl.com/image/upload/t_thumb_squared_2x/f_auto/lions/azzfsllfyq9v7ssgcke5.jpg,lions_roster_data\headshots\eric_o_neill.jpg,2026-08-22T14:12:26
Amen Ogbongbemiga,57,LB,6-0,231,27,6,Oklahoma State,https://www.detroitlions.com/team/players-roster/amen-ogbongbemiga/,https://static.clubs.nfl.com/image/upload/t_thumb_squared_2x/f_auto/lions/tdeueftezl6y9isfh6gd.jpg,lions_roster_data\headshots\amen_ogbongbemiga.jpg,2026-08-22T14:12:26
Levi Onwuzurike,95,DL,6-3,304,28,6,Washington,https://www.detroitlions.com/team/players-roster/levi-onwuzurike/,https://static.clubs.nfl.com/image/upload/t_thumb_squared_2x/f_auto/lions/om0gxftv2up04287von5.jpg,lions_roster_data\headshots\levi_onwuzurike.jpg,2026-08-22T14:12:26
Isiah Pacheco,10,RB,5-10,210,27,5,Rutgers,https://www.detroitlions.com/team/players-roster/isiah-pacheco/,https://static.clubs.nfl.com/image/upload/t_thumb_squared_2x/f_auto/lions/xcsyoed87dvfyqrcdclg.jpg,lions_roster_data\headshots\isiah_pacheco.jpg,2026-08-22T14:12:26
Melvin Priestly,74,OL,6-4,316,22,R,Illinois,https://www.detroitlions.com/team/players-roster/melvin-priestly/,https://static.clubs.nfl.com/image/upload/t_thumb_squared_2x/f_auto/lions/pfkfhqvrf3lxgiag0ewn.jpg,lions_roster_data\headshots\melvin_priestly.jpg,2026-08-22T14:12:26
Ennis Rakestraw Jr.,2,CB,5-11,192,24,3,Missouri,https://www.detroitlions.com/team/players-roster/ennis-rakestraw-jr/,https://static.clubs.nfl.com/image/upload/t_thumb_squared_2x/f_auto/lions/cahzcdn4d3qada0it3pf.jpg,lions_roster_data\headshots\ennis_rakestraw_jr.jpg,2026-08-22T14:12:26
Tate Ratledge,69,OL,6-6,322,25,2,Georgia,https://www.detroitlions.com/team/players-roster/tate-ratledge/,https://static.clubs.nfl.com/image/upload/t_thumb_squared_2x/f_auto/lions/wdvtl9xehq6io0tx2jva.jpg,lions_roster_data\headshots\tate_ratledge.jpg,2026-08-22T14:12:26
D.J. Reed,4,CB,5-9,190,29,9,Kansas State,https://www.detroitlions.com/team/players-roster/d-j-reed/,https://static.clubs.nfl.com/image/upload/t_thumb_squared_2x/f_auto/lions/vdqwzj4ezh7pvces33jo.jpg,lions_roster_data\headshots\d_j_reed.jpg,2026-08-22T14:12:26
Troy Reeder,51,LB,6-3,245,31,8,Delaware,https://www.detroitlions.com/team/players-roster/troy-reeder/,https://static.clubs.nfl.com/image/upload/t_thumb_squared_2x/f_auto/lions/ladwqawxblasrzmkmjgo.jpg,lions_roster_data\headshots\troy_reeder.jpg,2026-08-22T14:12:26
Malcolm Rodriguez,44,LB,5-11,230,27,5,Oklahoma State,https://www.detroitlions.com/team/players-roster/malcolm-rodriguez/,https://static.clubs.nfl.com/image/upload/t_thumb_squared_2x/f_auto/lions/zieh6u0wcb4oy7aawq11.jpg,lions_roster_data\headshots\malcolm_rodriguez.jpg,2026-08-22T14:12:26
Jimmy Rolder,41,LB,6-2,238,22,R,Michigan,https://www.detroitlions.com/team/players-roster/jimmy-rolder/,https://static.clubs.nfl.com/image/upload/t_thumb_squared_2x/f_auto/lions/yl8p5xshorkdfeonmzl9.jpg,lions_roster_data\headshots\jimmy_rolder.jpg,2026-08-22T14:12:26
Jacob Saylors,25,RB,5-11,195,26,2,East Tennessee State,https://www.detroitlions.com/team/players-roster/jacob-saylors/,https://static.clubs.nfl.com/image/upload/t_thumb_squared_2x/f_auto/lions/i8rp0baqpncgxrc9dd5e.jpg,lions_roster_data\headshots\jacob_saylors.jpg,2026-08-22T14:12:26
Juice Scruggs,70,OL,6-3,320,26,4,Penn State,https://www.detroitlions.com/team/players-roster/juice-scruggs/,https://static.clubs.nfl.com/image/upload/t_thumb_squared_2x/f_auto/lions/pauxcjlcvatlkofjfzsk.jpg,lions_roster_data\headshots\juice_scruggs.jpg,2026-08-22T14:12:26
Penei Sewell,58,T,6-5,335,25,6,Oregon,https://www.detroitlions.com/team/players-roster/penei-sewell/,https://static.clubs.nfl.com/image/upload/t_thumb_squared_2x/f_auto/lions/iffo6hwayilnbgwzbalp.jpg,lions_roster_data\headshots\penei_sewell.jpg,2026-08-22T14:12:26
Jabari Small,26,RB,5-11,208,24,1,Tennessee,https://www.detroitlions.com/team/players-roster/jabari-small/,https://static.clubs.nfl.com/image/upload/t_thumb_squared_2x/f_auto/lions/bblcnuo6e00ce6vcsyzy.jpg,lions_roster_data\headshots\jabari_small.jpg,2026-08-22T14:12:26
Chris SmithÂ ,90,DL,6-1,320,26,1,Notre Dame,https://www.detroitlions.com/team/players-roster/chris-smith-2/,https://static.clubs.nfl.com/image/upload/t_thumb_squared_2x/f_auto/lions/c23jmj8aqfx69yku5z1z.jpg,lions_roster_data\headshots\chris_smith.jpg,2026-08-22T14:12:26
Colby Sorsdal,75,OL,6-6,315,26,4,William & Mary,https://www.detroitlions.com/team/players-roster/colby-sorsdal/,https://static.clubs.nfl.com/image/upload/t_thumb_squared_2x/f_auto/lions/gaq3fbk9yvprypmmzy31.jpg,lions_roster_data\headshots\colby_sorsdal.jpg,2026-08-22T14:12:26
Amon-Ra St. Brown,14,WR,6-0,202,26,6,USC,https://www.detroitlions.com/team/players-roster/amon-ra-st-brown/,https://static.clubs.nfl.com/image/upload/t_thumb_squared_2x/f_auto/lions/subudinj6xeo67qzajiy.jpg,lions_roster_data\headshots\amon_ra_st_brown.jpg,2026-08-22T14:12:26
Ben Stille,72,DL,6-4,296,28,3,Nebraska,https://www.detroitlions.com/team/players-roster/ben-stille/,https://static.clubs.nfl.com/image/upload/t_thumb_squared_2x/f_auto/lions/y6h40rsgtsctyn1vzpo9.jpg,lions_roster_data\headshots\ben_stille.jpg,2026-08-22T14:12:26
Isaac TeSlaa,18,WR,6-4,214,24,2,Arkansas,https://www.detroitlions.com/team/players-roster/isaac-teslaa/,https://static.clubs.nfl.com/image/upload/t_thumb_squared_2x/f_auto/lions/xkvi1yx3reglxqqiody1.jpg,lions_roster_data\headshots\isaac_teslaa.jpg,2026-08-22T14:12:26
Payton Turner,92,EDGE,6-6,272,27,6,Houston,https://www.detroitlions.com/team/players-roster/payton-turner/,https://static.clubs.nfl.com/image/upload/t_thumb_squared_2x/f_auto/lions/dzs5qrxa6enpqfyjrdlp.jpg,lions_roster_data\headshots\payton_turner.jpg,2026-08-22T14:12:26
Sione Vaki,33,RB,5-11,216,25,3,Utah,https://www.detroitlions.com/team/players-roster/sione-vaki/,https://static.clubs.nfl.com/image/upload/t_thumb_squared_2x/f_auto/lions/t8tojler1vj7w7hnqxdw.jpg,lions_roster_data\headshots\sione_vaki.jpg,2026-08-22T14:12:26
Tyre West,52,DL,6-1,290,23,R,Tennessee,https://www.detroitlions.com/team/players-roster/tyre-west/,https://static.clubs.nfl.com/image/upload/t_thumb_squared_2x/f_auto/lions/nwu23blmcu0utbz1izhm.jpg,lions_roster_data\headshots\tyre_west.jpg,2026-08-22T14:12:26
Devin White,45,LB,6-0,237,28,8,LSU,https://www.detroitlions.com/team/players-roster/devin-white/,https://static.clubs.nfl.com/image/upload/t_thumb_squared_2x/f_auto/lions/gjzpqtl6ricxbrg43fs8.jpg,lions_roster_data\headshots\devin_white.jpg,2026-08-22T14:12:26
Nick Whiteside,38,CB,6-1,200,26,2,Saginaw Valley State,https://www.detroitlions.com/team/players-roster/nick-whiteside/,https://static.clubs.nfl.com/image/upload/t_thumb_squared_2x/f_auto/lions/iwtjt3vvfhgrrxyceufa.jpg,lions_roster_data\headshots\nick_whiteside.jpg,2026-08-22T14:12:26
Jameson Williams,1,WR,6-1,184,25,5,Alabama,https://www.detroitlions.com/team/players-roster/jameson-williams/,https://static.clubs.nfl.com/image/upload/t_thumb_squared_2x/f_auto/lions/wivymdnwfl4ipqrppuxv.jpg,lions_roster_data\headshots\jameson_williams.jpg,2026-08-22T14:12:26
Trayveon Williams,47,RB,5-8,206,28,8,Texas A&M,https://www.detroitlions.com/team/players-roster/trayveon-williams/,https://static.clubs.nfl.com/image/upload/t_thumb_squared_2x/f_auto/lions/vgt3luv1bvlobkvrvaao.jpg,lions_roster_data\headshots\trayveon_williams.jpg,2026-08-22T14:12:26
Tyleik Williams,91,DL,6-3,325,23,2,Ohio State,https://www.detroitlions.com/team/players-roster/tyleik-williams/,https://static.clubs.nfl.com/image/upload/t_thumb_squared_2x/f_auto/lions/rtcbx3hmkzfqyymbgiwn.jpg,lions_roster_data\headshots\tyleik_williams.jpg,2026-08-22T14:12:26
Cedrick Wilson Jr.,86,WR,6-2,205,30,9,Boise State,https://www.detroitlions.com/team/players-roster/cedrick-wilson-jr/,https://static.clubs.nfl.com/image/upload/t_thumb_squared_2x/f_auto/lions/lgo4ekbfsp7ptejw4nlk.jpg,lions_roster_data\headshots\cedrick_wilson_jr.jpg,2026-08-22T14:12:26
Mekhi Wingo,94,DL,6-0,282,23,3,LSU,https://www.detroitlions.com/team/players-roster/mekhi-wingo/,https://static.clubs.nfl.com/image/upload/t_thumb_squared_2x/f_auto/lions/j73dnvfy9jauitzy1fx0.jpg,lions_roster_data\headshots\mekhi_wingo.jpg,2026-08-22T14:12:26
DJ Wonnum,98,EDGE,6-5,262,28,7,South Carolina,https://www.detroitlions.com/team/players-roster/d-j-wonnum/,https://static.clubs.nfl.com/image/upload/t_thumb_squared_2x/f_auto/lions/liki1ossz235vcyxz8iy.jpg,lions_roster_data\headshots\dj_wonnum.jpg,2026-08-22T14:12:26
Brock Wright,89,TE,6-5,254,27,6,Notre Dame,https://www.detroitlions.com/team/players-roster/brock-wright/,https://static.clubs.nfl.com/image/upload/t_thumb_squared_2x/f_auto/lions/lin9gmcxuqs07nzukucg.jpg,lions_roster_data\headshots\brock_wright.jpg,2026-08-22T14:12:26
Rock Ya-Sin,23,CB,5-11,195,30,8,Temple,https://www.detroitlions.com/team/players-roster/rock-ya-sin/,https://static.clubs.nfl.com/image/upload/t_thumb_squared_2x/f_auto/lions/dtswoqc9gsplsqup65f2.jpg,lions_roster_data\headshots\rock_ya_sin.jpg,2026-08-22T14:12:26
Giovanni Manu,59,OL,6-7,345,25,3,University of British Columbia,https://www.detroitlions.com/team/players-roster/giovanni-manu/,https://static.clubs.nfl.com/image/upload/t_thumb_squared_2x/f_auto/lions/tb3gxz0dthj8jsyklplz.jpg,lions_roster_data\headshots\giovanni_manu.jpg,2026-08-22T14:12:26
Brian Branch,32,DB,6-0,203,24,4,Alabama,https://www.detroitlions.com/team/players-roster/brian-branch/,https://static.clubs.nfl.com/image/upload/t_thumb_squared_2x/f_auto/lions/ry900fmo7xcy4l7onq1q.jpg,lions_roster_data\headshots\brian_branch.jpg,2026-08-22T14:12:26
Kerby Joseph,31,S,6-0,210,25,5,Illinois,https://www.detroitlions.com/team/players-roster/kerby-joseph/,https://static.clubs.nfl.com/image/upload/t_thumb_squared_2x/f_auto/lions/wz09vxirp5ovf9mpc5ek.jpg,lions_roster_data\headshots\kerby_joseph.jpg,2026-08-22T14:12:26
Kendrick Law,88,WR,5-11,203,22,R,Kentucky,https://www.detroitlions.com/team/players-roster/kendrick-law/,https://static.clubs.nfl.com/image/upload/t_thumb_squared_2x/f_auto/lions/ruacntskvgkaojq1oy3h.jpg,lions_roster_data\headshots\kendrick_law.jpg,2026-08-22T14:12:26
Teddy Bridgewater,5,QB,6-2,217,N/A,12,Louisville,https://www.detroitlions.com/team/players-roster/teddy-bridgewater/,https://static.clubs.nfl.com/image/upload/t_thumb_squared_2x/f_auto/lions/dasfcxp833bej7c9fneo.jpg,lions_roster_data\headshots\teddy_bridgewater.jpg,2026-08-22T14:12:26
