timestamp,date,change,player,number,position,profile_url
2026-08-22T14:12:26,2026-08-22,ADDED,Keith Abney II,28,CB,https://www.detroitlions.com/team/players-roster/keith-abney-ii/
2026-08-22T14:12:26,2026-08-22,ADDED,Myles Adams,96,DL,https://www.detroitlions.com/team/players-roster/myles-adams/
2026-08-22T14:12:26,2026-08-22,ADDED,Luke Altmyer,2,QB,https://www.detroitlions.com/team/players-roster/luke-altmyer/
2026-08-22T14:12:26,2026-08-22,ADDED,Joe Bachie,35,LB,https://www.detroitlions.com/team/players-roster/joe-bachie/
2026-08-22T14:12:26,2026-08-22,ADDED,Derrick Barnes,55,LB,https://www.detroitlions.com/team/players-roster/derrick-barnes/
2026-08-22T14:12:26,2026-08-22,ADDED,Ben Bartch,78,OL,https://www.detroitlions.com/team/players-roster/ben-bartch/
2026-08-22T14:12:26,2026-08-22,ADDED,Jake Bates,39,K,https://www.detroitlions.com/team/players-roster/jake-bates/
2026-08-22T14:12:26,2026-08-22,ADDED,Tarik Black,12,WR,https://www.detroitlions.com/team/players-roster/tarik-black/
2026-08-22T14:12:26,2026-08-22,ADDED,Raheem Blackshear,42,RB,https://www.detroitlions.com/team/players-roster/raheem-blackshear/
2026-08-22T14:12:26,2026-08-22,ADDED,Larry Borom,79,OL,https://www.detroitlions.com/team/players-roster/larry-borom/
2026-08-22T14:12:26,2026-08-22,ADDED,Ekow Boye-Doe,43,CB,https://www.detroitlions.com/team/players-roster/ekow-boye-doe/
2026-08-22T14:12:26,2026-08-22,ADDED,Aamaris Brown,42,DB,https://www.detroitlions.com/team/players-roster/aamaris-brown/
2026-08-22T14:12:26,2026-08-22,ADDED,Jack Campbell,46,LB,https://www.detroitlions.com/team/players-roster/jack-campbell/
2026-08-22T14:12:26,2026-08-22,ADDED,Chuck Clark,36,S,https://www.detroitlions.com/team/players-roster/chuck-clark/
2026-08-22T14:12:26,2026-08-22,ADDED,Damone Clark,11,LB,https://www.detroitlions.com/team/players-roster/damone-clark/
2026-08-22T14:12:26,2026-08-22,ADDED,Devin Cochran,77,OL,https://www.detroitlions.com/team/players-roster/devin-cochran/
2026-08-22T14:12:26,2026-08-22,ADDED,Tyler Conklin,83,TE,https://www.detroitlions.com/team/players-roster/tyler-conklin/
2026-08-22T14:12:26,2026-08-22,ADDED,Bump Cooper Jr.,40,CB,https://www.detroitlions.com/team/players-roster/ryan-cooper-jr/
2026-08-22T14:12:26,2026-08-22,ADDED,Malik Cunningham,15,WR,https://www.detroitlions.com/team/players-roster/malik-cunningham/
2026-08-22T14:12:26,2026-08-22,ADDED,Joshua Dobbs,6,QB,https://www.detroitlions.com/team/players-roster/joshua-dobbs/
2026-08-22T14:12:26,2026-08-22,ADDED,Khalil Dorsey,30,CB,https://www.detroitlions.com/team/players-roster/khalil-dorsey/
2026-08-22T14:12:26,2026-08-22,ADDED,Greg Dortch,8,WR,https://www.detroitlions.com/team/players-roster/greg-dortch/
2026-08-22T14:12:26,2026-08-22,ADDED,Jack Fox,3,P,https://www.detroitlions.com/team/players-roster/jack-fox/
2026-08-22T14:12:26,2026-08-22,ADDED,Miles Frazier,71,OL,https://www.detroitlions.com/team/players-roster/miles-frazier/
2026-08-22T14:12:26,2026-08-22,ADDED,Jahmyr Gibbs,0,RB,https://www.detroitlions.com/team/players-roster/jahmyr-gibbs/
2026-08-22T14:12:26,2026-08-22,ADDED,Skyler Gill-Howard,50,DL,https://www.detroitlions.com/team/players-roster/skyler-gill-howard/
2026-08-22T14:12:26,2026-08-22,ADDED,Jared Goff,16,QB,https://www.detroitlions.com/team/players-roster/jared-goff/
2026-08-22T14:12:26,2026-08-22,ADDED,Thomas Gordon,82,TE,https://www.detroitlions.com/team/players-roster/thomas-gordon/
2026-08-22T14:12:26,2026-08-22,ADDED,Thomas Harper,12,S,https://www.detroitlions.com/team/players-roster/thomas-harper/
2026-08-22T14:12:26,2026-08-22,ADDED,Ahmed Hassanein,99,EDGE,https://www.detroitlions.com/team/players-roster/ahmed-hassanein/
2026-08-22T14:12:26,2026-08-22,ADDED,Hogan Hatten,49,LS,https://www.detroitlions.com/team/players-roster/hogan-hatten/
2026-08-22T14:12:26,2026-08-22,ADDED,Zach Horton,43,TE,https://www.detroitlions.com/team/players-roster/zach-horton/
2026-08-22T14:12:26,2026-08-22,ADDED,Erick Hunter,48,LB,https://www.detroitlions.com/team/players-roster/erick-hunter/
2026-08-22T14:12:26,2026-08-22,ADDED,Aidan Hutchinson,97,EDGE,https://www.detroitlions.com/team/players-roster/aidan-hutchinson/
2026-08-22T14:12:26,2026-08-22,ADDED,Christian Izien,27,DB,https://www.detroitlions.com/team/players-roster/christian-izien/
2026-08-22T14:12:26,2026-08-22,ADDED,Dan Jackson,17,S,https://www.detroitlions.com/team/players-roster/dan-jackson/
2026-08-22T14:12:26,2026-08-22,ADDED,Lucky Jackson,11,WR,https://www.detroitlions.com/team/players-roster/lucky-jackson/
2026-08-22T14:12:26,2026-08-22,ADDED,Tom KennedyÂ ,85,WR,https://www.detroitlions.com/team/players-roster/tom-kennedy/
2026-08-22T14:12:26,2026-08-22,ADDED,Tyler Lacy,93,DL,https://www.detroitlions.com/team/players-roster/tyler-lacy/
2026-08-22T14:12:26,2026-08-22,ADDED,Sam LaPorta,87,TE,https://www.detroitlions.com/team/players-roster/sam-laporta/
2026-08-22T14:12:26,2026-08-22,ADDED,Dominic Lovett,19,WR,https://www.detroitlions.com/team/players-roster/dominic-lovett/
2026-08-22T14:12:26,2026-08-22,ADDED,Anthony Lucas,61,EDGE,https://www.detroitlions.com/team/players-roster/anthony-lucas/
2026-08-22T14:12:26,2026-08-22,ADDED,Avonte Maddox,29,DB,https://www.detroitlions.com/team/players-roster/avonte-maddox/
2026-08-22T14:12:26,2026-08-22,ADDED,Christian Mahogany,73,OL,https://www.detroitlions.com/team/players-roster/christian-mahogany/
2026-08-22T14:12:26,2026-08-22,ADDED,Tay Martin,17,WR,https://www.detroitlions.com/team/players-roster/tay-martin/
2026-08-22T14:12:26,2026-08-22,ADDED,Cade Mays,64,C,https://www.detroitlions.com/team/players-roster/cade-mays/
2026-08-22T14:12:26,2026-08-22,ADDED,Roger McCreary,21,CB,https://www.detroitlions.com/team/players-roster/roger-mccreary/
2026-08-22T14:12:26,2026-08-22,ADDED,Seth McLaughlin,65,C,https://www.detroitlions.com/team/players-roster/seth-mclaughlin/
2026-08-22T14:12:26,2026-08-22,ADDED,Alim McNeill,54,DL,https://www.detroitlions.com/team/players-roster/alim-mcneill/
2026-08-22T14:12:26,2026-08-22,ADDED,Jackson Meeks,13,TE,https://www.detroitlions.com/team/players-roster/jackson-meeks/
2026-08-22T14:12:26,2026-08-22,ADDED,Blake Miller,76,T,https://www.detroitlions.com/team/players-roster/blake-miller/
2026-08-22T14:12:26,2026-08-22,ADDED,Mason Miller,63,G,https://www.detroitlions.com/team/players-roster/mason-miller/
2026-08-22T14:12:26,2026-08-22,ADDED,Derrick Moore,9,EDGE,https://www.detroitlions.com/team/players-roster/derrick-moore/
2026-08-22T14:12:26,2026-08-22,ADDED,Michael Niese,62,OL,https://www.detroitlions.com/team/players-roster/michael-niese/
2026-08-22T14:12:26,2026-08-22,ADDED,Trevor Nowaske,53,LB,https://www.detroitlions.com/team/players-roster/trevor-nowaske/
2026-08-22T14:12:26,2026-08-22,ADDED,Eric O'Neill,66,EDGE,https://www.detroitlions.com/team/players-roster/eric-o-neill/
2026-08-22T14:12:26,2026-08-22,ADDED,Amen Ogbongbemiga,57,LB,https://www.detroitlions.com/team/players-roster/amen-ogbongbemiga/
2026-08-22T14:12:26,2026-08-22,ADDED,Levi Onwuzurike,95,DL,https://www.detroitlions.com/team/players-roster/levi-onwuzurike/
2026-08-22T14:12:26,2026-08-22,ADDED,Isiah Pacheco,10,RB,https://www.detroitlions.com/team/players-roster/isiah-pacheco/
2026-08-22T14:12:26,2026-08-22,ADDED,Melvin Priestly,74,OL,https://www.detroitlions.com/team/players-roster/melvin-priestly/
2026-08-22T14:12:26,2026-08-22,ADDED,Ennis Rakestraw Jr.,2,CB,https://www.detroitlions.com/team/players-roster/ennis-rakestraw-jr/
2026-08-22T14:12:26,2026-08-22,ADDED,Tate Ratledge,69,OL,https://www.detroitlions.com/team/players-roster/tate-ratledge/
2026-08-22T14:12:26,2026-08-22,ADDED,D.J. Reed,4,CB,https://www.detroitlions.com/team/players-roster/d-j-reed/
2026-08-22T14:12:26,2026-08-22,ADDED,Troy Reeder,51,LB,https://www.detroitlions.com/team/players-roster/troy-reeder/
2026-08-22T14:12:26,2026-08-22,ADDED,Malcolm Rodriguez,44,LB,https://www.detroitlions.com/team/players-roster/malcolm-rodriguez/
2026-08-22T14:12:26,2026-08-22,ADDED,Jimmy Rolder,41,LB,https://www.detroitlions.com/team/players-roster/jimmy-rolder/
2026-08-22T14:12:26,2026-08-22,ADDED,Jacob Saylors,25,RB,https://www.detroitlions.com/team/players-roster/jacob-saylors/
2026-08-22T14:12:26,2026-08-22,ADDED,Juice Scruggs,70,OL,https://www.detroitlions.com/team/players-roster/juice-scruggs/
2026-08-22T14:12:26,2026-08-22,ADDED,Penei Sewell,58,T,https://www.detroitlions.com/team/players-roster/penei-sewell/
2026-08-22T14:12:26,2026-08-22,ADDED,Jabari Small,26,RB,https://www.detroitlions.com/team/players-roster/jabari-small/
2026-08-22T14:12:26,2026-08-22,ADDED,Chris SmithÂ ,90,DL,https://www.detroitlions.com/team/players-roster/chris-smith-2/
2026-08-22T14:12:26,2026-08-22,ADDED,Colby Sorsdal,75,OL,https://www.detroitlions.com/team/players-roster/colby-sorsdal/
2026-08-22T14:12:26,2026-08-22,ADDED,Amon-Ra St. Brown,14,WR,https://www.detroitlions.com/team/players-roster/amon-ra-st-brown/
2026-08-22T14:12:26,2026-08-22,ADDED,Ben Stille,72,DL,https://www.detroitlions.com/team/players-roster/ben-stille/
2026-08-22T14:12:26,2026-08-22,ADDED,Isaac TeSlaa,18,WR,https://www.detroitlions.com/team/players-roster/isaac-teslaa/
2026-08-22T14:12:26,2026-08-22,ADDED,Payton Turner,92,EDGE,https://www.detroitlions.com/team/players-roster/payton-turner/
2026-08-22T14:12:26,2026-08-22,ADDED,Sione Vaki,33,RB,https://www.detroitlions.com/team/players-roster/sione-vaki/
2026-08-22T14:12:26,2026-08-22,ADDED,Tyre West,52,DL,https://www.detroitlions.com/team/players-roster/tyre-west/
2026-08-22T14:12:26,2026-08-22,ADDED,Devin White,45,LB,https://www.detroitlions.com/team/players-roster/devin-white/
2026-08-22T14:12:26,2026-08-22,ADDED,Nick Whiteside,38,CB,https://www.detroitlions.com/team/players-roster/nick-whiteside/
2026-08-22T14:12:26,2026-08-22,ADDED,Jameson Williams,1,WR,https://www.detroitlions.com/team/players-roster/jameson-williams/
2026-08-22T14:12:26,2026-08-22,ADDED,Trayveon Williams,47,RB,https://www.detroitlions.com/team/players-roster/trayveon-williams/
2026-08-22T14:12:26,2026-08-22,ADDED,Tyleik Williams,91,DL,https://www.detroitlions.com/team/players-roster/tyleik-williams/
2026-08-22T14:12:26,2026-08-22,ADDED,Cedrick Wilson Jr.,86,WR,https://www.detroitlions.com/team/players-roster/cedrick-wilson-jr/
2026-08-22T14:12:26,2026-08-22,ADDED,Mekhi Wingo,94,DL,https://www.detroitlions.com/team/players-roster/mekhi-wingo/
2026-08-22T14:12:26,2026-08-22,ADDED,DJ Wonnum,98,EDGE,https://www.detroitlions.com/team/players-roster/d-j-wonnum/
2026-08-22T14:12:26,2026-08-22,ADDED,Brock Wright,89,TE,https://www.detroitlions.com/team/players-roster/brock-wright/
2026-08-22T14:12:26,2026-08-22,ADDED,Rock Ya-Sin,23,CB,https://www.detroitlions.com/team/players-roster/rock-ya-sin/
2026-08-22T14:12:26,2026-08-22,ADDED,Giovanni Manu,59,OL,https://www.detroitlions.com/team/players-roster/giovanni-manu/
2026-08-22T14:12:26,2026-08-22,ADDED,Brian Branch,32,DB,https://www.detroitlions.com/team/players-roster/brian-branch/
2026-08-22T14:12:26,2026-08-22,ADDED,Kerby Joseph,31,S,https://www.detroitlions.com/team/players-roster/kerby-joseph/
2026-08-22T14:12:26,2026-08-22,ADDED,Kendrick Law,88,WR,https://www.detroitlions.com/team/players-roster/kendrick-law/
2026-08-22T14:12:26,2026-08-22,ADDED,Teddy Bridgewater,5,QB,https://www.detroitlions.com/team/players-roster/teddy-bridgewater/
